"time","conc","wdir","wspeed","minute","hour","dow","wos"
2018-09-01 00:15:00,0.693923076923077,270,0.2500000074505,15,0,"Saturday","1"
2018-09-01 00:30:00,0.660916666666667,135,0.215000005439,30,0,"Saturday","1"
2018-09-01 00:45:00,0.606615384615385,90,0.4699999988075,45,0,"Saturday","1"
2018-09-01 01:00:00,0.571,270,0.253333341330333,60,1,"Saturday","1"
2018-09-01 01:15:00,0.585,135,0.186666667461333,75,1,"Saturday","1"
2018-09-01 01:30:00,0.5115,270,0.66000000387425,90,1,"Saturday","1"
2018-09-01 01:45:00,0.502583333333333,135,0.439999997616,105,1,"Saturday","1"
2018-09-01 02:00:00,0.513153846153846,135,0.4666666636863,120,2,"Saturday","1"
2018-09-01 02:15:00,0.44675,135,0.533333331346333,135,2,"Saturday","1"
2018-09-01 02:30:00,0.539083333333333,135,0.106666663040633,150,2,"Saturday","1"
2018-09-01 02:45:00,0.471307692307692,135,0.273333337158,165,2,"Saturday","1"
2018-09-01 03:00:00,0.484583333333333,135,0.453333328167667,180,3,"Saturday","1"
2018-09-01 03:15:00,0.506076923076923,135,0.339999996125667,195,3,"Saturday","1"
2018-09-01 03:30:00,0.48725,135,0.1900000059977,210,3,"Saturday","1"
2018-09-01 03:45:00,0.462,225,0.120000001043,225,3,"Saturday","1"
2018-09-01 04:00:00,0.451461538461538,270,0.100000003973667,240,4,"Saturday","1"
2018-09-01 04:15:00,0.497416666666667,225,0.0400000003476667,255,4,"Saturday","1"
2018-09-01 04:30:00,0.44975,135,0.230000000447,270,4,"Saturday","1"
2018-09-01 04:45:00,0.442230769230769,270,0.0199999995529667,285,4,"Saturday","1"
2018-09-01 05:00:00,0.4445,270,0.466666664928333,300,5,"Saturday","1"
2018-09-01 05:15:00,0.470923076923077,270,0.119999997318,315,5,"Saturday","1"
2018-09-01 05:30:00,0.4965,270,0.0599999999006333,330,5,"Saturday","1"
2018-09-01 05:45:00,0.691230769230769,270,0.0799999982119667,345,5,"Saturday","1"
2018-09-01 06:00:00,0.6725,135,0.0933333337306333,360,6,"Saturday","1"
2018-09-01 06:15:00,0.689416666666667,135,0.446666667858667,375,6,"Saturday","1"
2018-09-01 06:30:00,0.759307692307692,135,0.153333336115,390,6,"Saturday","1"
2018-09-01 06:45:00,0.938583333333333,90,0.0333333325883,405,6,"Saturday","1"
2018-09-01 07:00:00,0.944307692307692,135,0.1733333393933,420,7,"Saturday","1"
2018-09-01 07:15:00,0.914,90,0.166666662941333,435,7,"Saturday","1"
2018-09-01 07:30:00,0.88075,135,0.01999999955295,450,7,"Saturday","1"
2018-09-01 07:45:00,0.932461538461538,135,0.3466666589183,465,7,"Saturday","1"
2018-09-01 08:00:00,0.911916666666667,270,0.273333335916,480,8,"Saturday","1"
2018-09-01 08:15:00,1.03723076923077,270,0.1800000009436,495,8,"Saturday","1"
2018-09-01 08:30:00,1.20966666666667,270,0.273333338399667,510,8,"Saturday","1"
2018-09-01 08:45:00,1.03225,270,0.189999997616,525,8,"Saturday","1"
2018-09-01 09:00:00,1.15769230769231,45,0.286666672677,540,9,"Saturday","1"
2018-09-01 09:15:00,1.01283333333333,270,0.406666671236333,555,9,"Saturday","1"
2018-09-01 09:30:00,1.10323076923077,135,0.146666663388633,570,9,"Saturday","1"
2018-09-01 09:45:00,1.36516666666667,270,0.566666657727333,585,9,"Saturday","1"
2018-09-01 10:00:00,1.10215384615385,270,0.645000020042725,600,10,"Saturday","1"
2018-09-01 10:15:00,1.3835,90,0.640000000596633,615,10,"Saturday","1"
2018-09-01 10:30:00,1.26733333333333,270,0.67999998666275,630,10,"Saturday","1"
2018-09-01 10:45:00,0.910384615384615,135,0.780000001192,645,10,"Saturday","1"
2018-09-01 11:00:00,1.23966666666667,135,1.110000014305,660,11,"Saturday","1"
2018-09-01 11:15:00,1.38815384615385,135,1.35333335399767,675,11,"Saturday","1"
2018-09-01 11:30:00,1.04483333333333,270,1.329999983311,690,11,"Saturday","1"
2018-09-01 11:45:00,0.970384615384615,270,0.673333346844,705,11,"Saturday","1"
2018-09-01 12:00:00,1.324,225,0.373333328713967,720,12,"Saturday","1"
2018-09-01 12:15:00,1.32666666666667,270,0.760000010331,735,12,"Saturday","1"
2018-09-01 12:30:00,1.00776923076923,225,0.0699999984355,750,12,"Saturday","1"
2018-09-01 12:45:00,1.36858333333333,180,0.566666662693,765,12,"Saturday","1"
2018-09-01 13:00:00,1.12730769230769,135,0.293333336711,780,13,"Saturday","1"
2018-09-01 13:15:00,1.27683333333333,270,0.406666666269333,795,13,"Saturday","1"
2018-09-01 13:30:00,1.13992307692308,135,0.960000018278667,810,13,"Saturday","1"
2018-09-01 13:45:00,1.26233333333333,270,0.586666658520667,825,13,"Saturday","1"
2018-09-01 14:00:00,1.27433333333333,180,0.240000002085967,840,14,"Saturday","1"
2018-09-01 14:15:00,1.31925,135,0.733333329359333,855,14,"Saturday","1"
2018-09-01 14:30:00,1.17107692307692,315,0.533333336313667,870,14,"Saturday","1"
2018-09-01 14:45:00,0.916666666666667,270,0.233333335568667,885,14,"Saturday","1"
2018-09-01 15:00:00,1.07646153846154,135,0.310000002384,900,15,"Saturday","1"
2018-09-01 15:15:00,1.46616666666667,270,0.286666671435,915,15,"Saturday","1"
2018-09-01 15:30:00,1.34016666666667,135,0.566666675110633,930,15,"Saturday","1"
2018-09-01 15:45:00,1.22,135,0.019999999553,945,15,"Saturday","1"
2018-09-01 16:00:00,1.26216666666667,180,0.420000014825725,960,16,"Saturday","1"
2018-09-01 16:15:00,1.07930769230769,90,0.1449999976905,975,16,"Saturday","1"
2018-09-01 16:30:00,1.55841666666667,135,0.3333333233993,990,16,"Saturday","1"
2018-09-01 16:45:00,1.00261538461538,135,0.133333336562,1005,16,"Saturday","1"
2018-09-01 17:00:00,1.02891666666667,135,0.4899999946355,1020,17,"Saturday","1"
2018-09-01 17:15:00,0.893769230769231,135,0.146666662146667,1035,17,"Saturday","1"
2018-09-01 17:30:00,1.33325,270,0,1050,17,"Saturday","1"
2018-09-01 17:45:00,1.16176923076923,135,0.0399999991059333,1065,17,"Saturday","1"
2018-09-01 18:00:00,1.4505,270,0.25000000372545,1080,18,"Saturday","1"
2018-09-01 18:15:00,1.41084615384615,270,0.3933333344763,1095,18,"Saturday","1"
2018-09-01 18:30:00,1.15716666666667,135,0.326666679233333,1110,18,"Saturday","1"
2018-09-01 18:45:00,0.869166666666667,135,0.340000012888975,1125,18,"Saturday","1"
2018-09-01 19:00:00,1.06492307692308,135,0.170000001788,1140,19,"Saturday","1"
2018-09-01 19:15:00,0.915666666666667,135,0.0199999995529667,1155,19,"Saturday","1"
2018-09-01 19:30:00,1.20338461538462,180,0,1170,19,"Saturday","1"
2018-09-01 19:45:00,1.24225,270,0.0933333312473,1185,19,"Saturday","1"
2018-09-01 20:00:00,1.12715384615385,180,0.566666662693667,1200,20,"Saturday","1"
2018-09-01 20:15:00,1.34858333333333,135,0.339999993642,1215,20,"Saturday","1"
2018-09-01 20:30:00,1.3145,135,0.124999999999975,1230,20,"Saturday","1"
2018-09-01 20:45:00,1.01953846153846,270,0.513333326826333,1245,20,"Saturday","1"
2018-09-01 21:00:00,1.12458333333333,135,0.233333331842967,1260,21,"Saturday","1"
2018-09-01 21:15:00,1.02084615384615,135,0.0199999995529667,1275,21,"Saturday","1"
2018-09-01 21:30:00,1.19725,135,0.153333331147667,1290,21,"Saturday","1"
2018-09-01 21:45:00,1.18153846153846,225,0.0733333316943,1305,21,"Saturday","1"
2018-09-01 22:00:00,0.991333333333333,135,0.4899999890475,1320,22,"Saturday","1"
2018-09-01 22:15:00,1.10383333333333,135,0.139999999664725,1335,22,"Saturday","1"
2018-09-01 22:30:00,0.971692307692308,135,0.019999999553,1350,22,"Saturday","1"
2018-09-01 22:45:00,0.760166666666667,90,0.300000006953967,1365,22,"Saturday","1"
2018-09-01 23:00:00,0.890083333333333,135,0.253333328912633,1380,23,"Saturday","1"
2018-09-01 23:15:00,0.71025,180,0.406666661302333,1395,23,"Saturday","1"
2018-09-01 23:30:00,0.8005,180,0.1800000071525,1410,23,"Saturday","1"
2018-09-01 23:45:00,0.717846153846154,270,0.0599999986589667,1425,23,"Saturday","1"
2018-09-02 00:00:00,0.758666666666667,270,0.0199999995529667,0,0,"Sunday","1"
2018-09-02 00:15:00,0.760166666666667,270,0.173333329459,15,0,"Sunday","1"
2018-09-02 00:30:00,0.680916666666667,135,0.01999999955295,30,0,"Sunday","1"
2018-09-02 00:45:00,0.5885,270,0.646666655936667,45,0,"Sunday","1"
2018-09-02 01:00:00,0.545166666666667,135,0.946666644264333,60,1,"Sunday","1"
2018-09-02 01:15:00,0.55425,270,0.0133333330353333,75,1,"Sunday","1"
2018-09-02 01:30:00,0.576083333333333,270,0.1400000043213,90,1,"Sunday","1"
2018-09-02 01:45:00,0.469538461538462,90,0.193333335220633,105,1,"Sunday","1"
2018-09-02 02:00:00,0.4685,135,0.0266666660706333,120,2,"Sunday","1"
2018-09-02 02:15:00,0.470166666666667,270,0.009999999776475,135,2,"Sunday","1"
2018-09-02 02:30:00,0.506,135,0.0266666660706333,150,2,"Sunday","1"
2018-09-02 02:45:00,0.493307692307692,135,0.014999999664725,165,2,"Sunday","1"
2018-09-02 03:00:00,0.476666666666667,135,0,180,3,"Sunday","1"
2018-09-02 03:15:00,0.504846153846154,135,0.0099999997765,195,3,"Sunday","1"
2018-09-02 03:30:00,0.411666666666667,135,0.0133333330353333,210,3,"Sunday","1"
2018-09-02 03:45:00,0.407384615384615,45,0.0749999983237,225,3,"Sunday","1"
2018-09-02 04:00:00,0.410583333333333,135,0.246666669845667,240,4,"Sunday","1"
2018-09-02 04:15:00,0.430833333333333,90,0.0266666660706333,255,4,"Sunday","1"
2018-09-02 04:30:00,0.458923076923077,135,0.0866666684549667,270,4,"Sunday","1"
2018-09-02 04:45:00,0.475,135,0.0666666664183,285,4,"Sunday","1"
2018-09-02 05:00:00,0.535769230769231,135,0.1266666638356,300,5,"Sunday","1"
2018-09-02 05:15:00,0.481166666666667,135,0.2799999900163,315,5,"Sunday","1"
2018-09-02 05:30:00,0.481846153846154,270,0.2866666639843,330,5,"Sunday","1"
2018-09-02 05:45:00,0.518166666666667,135,0.073333332936,345,5,"Sunday","1"
2018-09-02 06:00:00,0.471538461538462,135,0.233333325634667,360,6,"Sunday","1"
2018-09-02 06:15:00,0.540833333333333,225,0.246666668603967,375,6,"Sunday","1"
2018-09-02 06:30:00,0.647583333333333,135,0.019999999553,390,6,"Sunday","1"
2018-09-02 06:45:00,0.802153846153846,135,0,405,6,"Sunday","1"
2018-09-02 07:00:00,0.751916666666667,135,0.0800000006953333,420,7,"Sunday","1"
2018-09-02 07:15:00,0.810615384615385,270,0.3899999931455,435,7,"Sunday","1"
2018-09-02 07:30:00,0.657416666666667,135,0.113333334525633,450,7,"Sunday","1"
2018-09-02 07:45:00,0.656076923076923,270,0.239999995877333,465,7,"Sunday","1"
2018-09-02 08:00:00,0.616,270,0.246666669845633,480,8,"Sunday","1"
2018-09-02 08:15:00,0.665846153846154,135,0.100000001490333,495,8,"Sunday","1"
2018-09-02 08:30:00,0.665583333333333,270,0.166666671634,510,8,"Sunday","1"
2018-09-02 08:45:00,0.678166666666667,270,0.246666667362,525,8,"Sunday","1"
2018-09-02 09:00:00,0.75725,225,0.573333323001667,540,9,"Sunday","1"
2018-09-02 09:15:00,0.744923076923077,270,0.23999999836095,555,9,"Sunday","1"
2018-09-02 09:30:00,0.843333333333333,135,0.31000000052145,570,9,"Sunday","1"
2018-09-02 09:45:00,1.06341666666667,270,0.40999999269875,585,9,"Sunday","1"
2018-09-02 10:00:00,0.934615384615385,270,0.2866666639843,600,10,"Sunday","1"
2018-09-02 10:15:00,0.964666666666667,270,0.28499999642375,615,10,"Sunday","1"
2018-09-02 10:30:00,1.02133333333333,270,0.753333354990633,630,10,"Sunday","1"
2018-09-02 10:45:00,0.899076923076923,270,0.526666656136667,645,10,"Sunday","1"
2018-09-02 11:00:00,0.881916666666667,270,0.800000024338333,660,11,"Sunday","1"
2018-09-02 11:15:00,0.759916666666667,135,0.44500000029775,675,11,"Sunday","1"
2018-09-02 11:30:00,0.960076923076923,270,0.559999988724667,690,11,"Sunday","1"
2018-09-02 11:45:00,0.766583333333333,270,1.33999999363933,705,11,"Sunday","1"
2018-09-02 12:00:00,1.04583333333333,270,1.3500000238415,720,12,"Sunday","1"
2018-09-02 12:15:00,0.858833333333333,270,0.5699999928475,735,12,"Sunday","1"
2018-09-02 12:30:00,0.770769230769231,135,0.713333328565,750,12,"Sunday","1"
2018-09-02 12:45:00,0.785769230769231,270,1.26666665077167,765,12,"Sunday","1"
2018-09-02 13:00:00,1.09715384615385,135,0.686666667461333,780,13,"Sunday","1"
2018-09-02 13:15:00,0.741416666666667,135,1.059999972583,795,13,"Sunday","1"
2018-09-02 13:30:00,0.8155,270,0.846666644015333,810,13,"Sunday","1"
2018-09-02 13:45:00,0.979076923076923,270,1.040000018973,825,13,"Sunday","1"
2018-09-02 14:00:00,1.02038461538462,270,0.850000023841,840,14,"Sunday","1"
2018-09-02 14:15:00,0.841166666666667,90,0.419999986887333,855,14,"Sunday","1"
2018-09-02 14:30:00,0.932692307692308,135,0.760000015299667,870,14,"Sunday","1"
2018-09-02 14:45:00,1.07725,270,1.233333329361,885,14,"Sunday","1"
2018-09-02 15:00:00,0.729076923076923,135,0.3500000089405,900,15,"Sunday","1"
2018-09-02 15:15:00,1.24433333333333,270,0.840000013511333,915,15,"Sunday","1"
2018-09-02 15:30:00,0.877461538461539,135,0.546666671832333,930,15,"Sunday","1"
2018-09-02 15:45:00,0.83925,225,0.2666666607063,945,15,"Sunday","1"
2018-09-02 16:00:00,0.941916666666667,270,0.7333333343283,960,16,"Sunday","1"
2018-09-02 16:15:00,0.753,270,0.2466666648783,975,16,"Sunday","1"
2018-09-02 16:30:00,0.780083333333333,135,0.0599999986589,990,16,"Sunday","1"
2018-09-02 16:45:00,0.996,135,0.15500000491745,1005,16,"Sunday","1"
2018-09-02 17:00:00,0.9605,225,0.193333335221,1020,17,"Sunday","1"
2018-09-02 17:15:00,0.84425,270,0.119999997317667,1035,17,"Sunday","1"
2018-09-02 17:30:00,1.15391666666667,270,0.426666663338667,1050,17,"Sunday","1"
2018-09-02 17:45:00,1.03130769230769,270,0.0199999995529667,1065,17,"Sunday","1"
2018-09-02 18:00:00,1.19208333333333,270,0.0866666647296,1080,18,"Sunday","1"
2018-09-02 18:15:00,1.31815384615385,225,0.00666666651766667,1095,18,"Sunday","1"
2018-09-02 18:30:00,1.94976923076923,225,0.0133333330353,1110,18,"Sunday","1"
2018-09-02 18:45:00,2.25083333333333,180,0,1125,18,"Sunday","1"
2018-09-02 19:00:00,1.76415384615385,180,0,1140,19,"Sunday","1"
2018-09-02 19:15:00,2.86783333333333,135,0.00499999988825,1155,19,"Sunday","1"
2018-09-02 19:30:00,2.499,135,0.00666666651766667,1170,19,"Sunday","1"
2018-09-02 19:45:00,1.79908333333333,225,0.0133333330353,1185,19,"Sunday","1"
2018-09-02 20:00:00,1.61692307692308,225,0,1200,20,"Sunday","1"
2018-09-02 20:15:00,1.46566666666667,135,0,1215,20,"Sunday","1"
2018-09-02 20:30:00,1.35184615384615,135,0.00499999988825,1230,20,"Sunday","1"
2018-09-02 20:45:00,1.6525,270,0.0133333330353333,1245,20,"Sunday","1"
2018-09-02 21:00:00,1.33091666666667,270,0.0333333325882667,1260,21,"Sunday","1"
2018-09-02 21:15:00,1.28592307692308,270,0.219999998807933,1275,21,"Sunday","1"
2018-09-02 21:30:00,1.01141666666667,270,0.313333332538667,1290,21,"Sunday","1"
2018-09-02 21:45:00,0.956166666666667,135,0.0466666668653,1305,21,"Sunday","1"
2018-09-02 22:00:00,1.07376923076923,135,0.57000002078945,1320,22,"Sunday","1"
2018-09-02 22:15:00,0.918083333333333,270,0.2400000030175,1335,22,"Sunday","1"
2018-09-02 22:30:00,1.08469230769231,270,0.2066666657726,1350,22,"Sunday","1"
2018-09-02 22:45:00,1.06066666666667,135,0.0733333354196333,1365,22,"Sunday","1"
2018-09-02 23:00:00,0.895916666666667,135,0.019999999553,1380,23,"Sunday","1"
2018-09-02 23:15:00,0.821307692307692,135,0.0800000006953,1395,23,"Sunday","1"
2018-09-02 23:30:00,0.813333333333333,135,0.133333337803633,1410,23,"Sunday","1"
2018-09-02 23:45:00,0.747846153846154,135,0.0533333321412667,1425,23,"Sunday","1"
2018-09-03 00:00:00,0.58325,135,0.0266666660706333,0,0,"Monday","1"
2018-09-03 00:15:00,0.58325,135,0.0666666664183,15,0,"Monday","1"
2018-09-03 00:30:00,0.715615384615385,135,0.0133333330353,30,0,"Monday","1"
2018-09-03 00:45:00,0.605083333333333,90,0.16666666915,45,0,"Monday","1"
2018-09-03 01:00:00,0.495666666666667,180,0.00666666651766667,60,1,"Monday","1"
2018-09-03 01:15:00,0.498153846153846,180,0.02999999932945,75,1,"Monday","1"
2018-09-03 01:30:00,0.509916666666667,135,0.094999998808,90,1,"Monday","1"
2018-09-03 01:45:00,0.469384615384615,270,0.113333334525333,105,1,"Monday","1"
2018-09-03 02:00:00,0.471333333333333,225,0.01999999955295,120,2,"Monday","1"
2018-09-03 02:15:00,0.435583333333333,270,0.0666666651766,135,2,"Monday","1"
2018-09-03 02:30:00,0.407538461538462,225,0.300000001986667,150,2,"Monday","1"
2018-09-03 02:45:00,0.409833333333333,270,0.1133333308003,165,2,"Monday","1"
2018-09-03 03:00:00,0.41,270,0.02999999932945,180,3,"Monday","1"
2018-09-03 03:15:00,0.377923076923077,135,0.166666661699633,195,3,"Monday","1"
2018-09-03 03:30:00,0.362916666666667,135,0.0400000003476667,210,3,"Monday","1"
2018-09-03 03:45:00,0.372461538461538,270,0.0733333329359333,225,3,"Monday","1"
2018-09-03 04:00:00,0.371083333333333,270,0.573333318034333,240,4,"Monday","1"
2018-09-03 04:15:00,0.349416666666667,270,0.473333328962333,255,4,"Monday","1"
2018-09-03 04:30:00,0.358846153846154,135,0.3100000023845,270,4,"Monday","1"
2018-09-03 04:45:00,0.3695,270,0.3599999919535,285,4,"Monday","1"
2018-09-03 05:00:00,0.349076923076923,270,0.546666661898333,300,5,"Monday","1"
2018-09-03 05:15:00,0.328333333333333,270,0.32000000029795,315,5,"Monday","1"
2018-09-03 05:30:00,0.345307692307692,270,0.29999999702,330,5,"Monday","1"
2018-09-03 05:45:00,0.369166666666667,270,0.095000000670475,345,5,"Monday","1"
2018-09-03 06:00:00,0.431692307692308,135,0.6300000250365,360,6,"Monday","1"
2018-09-03 06:15:00,0.496833333333333,135,0.0500000016765,375,6,"Monday","1"
2018-09-03 06:30:00,0.590583333333333,135,0.0466666656236667,390,6,"Monday","1"
2018-09-03 06:45:00,0.625846153846154,135,0.0133333330353,405,6,"Monday","1"
2018-09-03 07:00:00,0.706083333333333,270,0.39000001363445,420,7,"Monday","1"
2018-09-03 07:15:00,0.708307692307692,135,0.126666670044333,435,7,"Monday","1"
2018-09-03 07:30:00,0.593083333333333,270,0.0333333325882667,450,7,"Monday","1"
2018-09-03 07:45:00,0.774230769230769,135,0.1133333295583,465,7,"Monday","1"
2018-09-03 08:00:00,1.04308333333333,90,0.246666664878667,480,8,"Monday","1"
2018-09-03 08:15:00,0.918,270,0.280000002434,495,8,"Monday","1"
2018-09-03 08:30:00,0.938833333333333,135,0.433333324889333,510,8,"Monday","1"
2018-09-03 08:45:00,1.08108333333333,270,0.253333335121333,525,8,"Monday","1"
2018-09-03 09:00:00,0.983583333333333,135,0.42000000551345,540,9,"Monday","1"
2018-09-03 09:15:00,1.32907692307692,90,0.326666668057667,555,9,"Monday","1"
2018-09-03 09:30:00,1.18166666666667,90,0.866666674614333,570,9,"Monday","1"
2018-09-03 09:45:00,1.20092307692308,90,0.355000007897725,585,9,"Monday","1"
2018-09-03 10:00:00,1.49141666666667,90,0.190000006929,600,10,"Monday","1"
2018-09-03 10:15:00,1.22184615384615,135,0.8333333234,615,10,"Monday","1"
2018-09-03 10:30:00,0.865666666666667,270,0.340000003576333,630,10,"Monday","1"
2018-09-03 10:45:00,1.062,135,0.7899999916555,645,10,"Monday","1"
2018-09-03 11:00:00,0.841692307692308,270,0.6799999723833,660,11,"Monday","1"
2018-09-03 11:15:00,0.972,135,0.779999985359225,675,11,"Monday","1"
2018-09-03 11:30:00,0.916769230769231,135,0.660000021260667,690,11,"Monday","1"
2018-09-03 11:45:00,1.06,270,0.9300000071525,705,11,"Monday","1"
2018-09-03 12:00:00,0.838416666666667,135,0.859999994437,720,12,"Monday","1"
2018-09-03 12:15:00,0.867153846153846,270,0.233333329359967,735,12,"Monday","1"
2018-09-03 12:30:00,0.943833333333333,135,0.5,750,12,"Monday","1"
2018-09-03 12:45:00,1.059,270,0.4899999946355,765,12,"Monday","1"
2018-09-03 13:00:00,1.19533333333333,135,0.686666657527,780,13,"Monday","1"
2018-09-03 13:15:00,0.928583333333333,270,0.639999995629,795,13,"Monday","1"
2018-09-03 13:30:00,0.958153846153846,180,0.680000022056,810,13,"Monday","1"
2018-09-03 13:45:00,1.09058333333333,270,0.4866666644823,825,13,"Monday","1"
2018-09-03 14:00:00,1.01823076923077,270,1.61333334446,840,14,"Monday","1"
2018-09-03 14:15:00,0.890666666666667,135,0.580000015597967,855,14,"Monday","1"
2018-09-03 14:30:00,1.19230769230769,135,0.499999990065667,870,14,"Monday","1"
2018-09-03 14:45:00,0.926916666666667,135,0.966666673620667,885,14,"Monday","1"
2018-09-03 15:00:00,1.20623076923077,270,1.206666648388,900,15,"Monday","1"
2018-09-03 15:15:00,1.18475,270,0.48999999463575,915,15,"Monday","1"
2018-09-03 15:30:00,1.01730769230769,135,0.8099999725835,930,15,"Monday","1"
2018-09-03 15:45:00,1.42941666666667,135,0.5200000119716,945,15,"Monday","1"
2018-09-03 16:00:00,1.28869230769231,270,1.03499999642325,960,16,"Monday","1"
2018-09-03 16:15:00,1.52675,135,0.02999999932945,975,16,"Monday","1"
2018-09-03 16:30:00,1.30766666666667,270,0.179999999701967,990,16,"Monday","1"
2018-09-03 16:45:00,1.20923076923077,135,0.33333333085,1005,16,"Monday","1"
2018-09-03 17:00:00,1.331,135,0.7999999821185,1020,17,"Monday","1"
2018-09-03 17:15:00,0.990769230769231,135,0.094999998808,1035,17,"Monday","1"
2018-09-03 17:30:00,1.44275,270,0.459999985993,1050,17,"Monday","1"
2018-09-03 17:45:00,1.03515384615385,270,0.213333331048333,1065,17,"Monday","1"
2018-09-03 18:00:00,1.25116666666667,180,0,1080,18,"Monday","1"
2018-09-03 18:15:00,1.77175,90,0.100000003973667,1095,18,"Monday","1"
2018-09-03 18:30:00,2.133,135,0.1999999973925,1110,18,"Monday","1"
2018-09-03 18:45:00,1.97025,270,0,1125,18,"Monday","1"
2018-09-03 19:00:00,1.66841666666667,135,0.01999999955295,1140,19,"Monday","1"
2018-09-03 19:15:00,1.91738461538462,135,0.00499999988825,1155,19,"Monday","1"
2018-09-03 19:30:00,3.05733333333333,135,0,1170,19,"Monday","1"
2018-09-03 19:45:00,2.84608333333333,225,0,1185,19,"Monday","1"
2018-09-03 20:00:00,3.38638461538462,135,0,1200,20,"Monday","1"
2018-09-03 20:15:00,2.62058333333333,270,0,1215,20,"Monday","1"
2018-09-03 20:30:00,2.66215384615385,270,0,1230,20,"Monday","1"
2018-09-03 20:45:00,2.71675,270,0.0466666668653333,1245,20,"Monday","1"
2018-09-03 21:00:00,2.22141666666667,135,0,1260,21,"Monday","1"
2018-09-03 21:15:00,2.13746153846154,135,0,1275,21,"Monday","1"
2018-09-03 21:30:00,2.25875,135,0.139999995629,1290,21,"Monday","1"
2018-09-03 21:45:00,2.80638461538462,135,0.00666666651766667,1305,21,"Monday","1"
2018-09-03 22:00:00,2.061,135,0,1320,22,"Monday","1"
2018-09-03 22:15:00,1.60408333333333,180,0,1335,22,"Monday","1"
2018-09-03 22:30:00,1.39846153846154,270,0,1350,22,"Monday","1"
2018-09-03 22:45:00,1.54558333333333,270,0,1365,22,"Monday","1"
2018-09-03 23:00:00,1.48766666666667,270,0,1380,23,"Monday","1"
2018-09-03 23:15:00,0.977307692307692,225,0.00499999988825,1395,23,"Monday","1"
2018-09-03 23:30:00,0.94975,90,0.106666663040633,1410,23,"Monday","1"
2018-09-03 23:45:00,0.926307692307692,45,0.129999997094225,1425,23,"Monday","1"
2018-09-04 00:00:00,0.736833333333333,45,0.0733333316943,0,0,"Tuesday","1"
2018-09-04 00:15:00,0.664166666666667,45,0.0499999988824,15,0,"Tuesday","1"
2018-09-04 00:30:00,0.676615384615385,90,0.0933333362143333,30,0,"Tuesday","1"
2018-09-04 00:45:00,0.583333333333333,90,0.00666666651766667,45,0,"Tuesday","1"
2018-09-04 01:00:00,0.598692307692308,90,0.0466666668653333,60,1,"Tuesday","1"
2018-09-04 01:15:00,0.629384615384615,135,0.0533333321413333,75,1,"Tuesday","1"
2018-09-04 01:30:00,0.58775,270,0,90,1,"Tuesday","1"
2018-09-04 01:45:00,0.586384615384615,270,0.1666666691503,105,1,"Tuesday","1"
2018-09-04 02:00:00,0.5575,135,0.0199999995529667,120,2,"Tuesday","1"
2018-09-04 02:15:00,0.537416666666667,270,0.0400000003476667,135,2,"Tuesday","1"
2018-09-04 02:30:00,0.494769230769231,180,0.220000002533,150,2,"Tuesday","1"
2018-09-04 02:45:00,0.46925,225,0.1199999998013,165,2,"Tuesday","1"
2018-09-04 03:00:00,0.418307692307692,270,0.206666668256333,180,3,"Tuesday","1"
2018-09-04 03:15:00,0.429083333333333,270,0.00666666651766667,195,3,"Tuesday","1"
2018-09-04 03:30:00,0.448916666666667,180,0.233333339293667,210,3,"Tuesday","1"
2018-09-04 03:45:00,0.357153846153846,225,0.054999999701975,225,3,"Tuesday","1"
2018-09-04 04:00:00,0.386916666666667,270,0.1266666638353,240,4,"Tuesday","1"
2018-09-04 04:15:00,0.392461538461538,270,0.100000003973667,255,4,"Tuesday","1"
2018-09-04 04:30:00,0.411083333333333,135,0.0199999995529667,270,4,"Tuesday","1"
2018-09-04 04:45:00,0.435307692307692,270,0.00666666651766667,285,4,"Tuesday","1"
2018-09-04 05:00:00,0.398166666666667,135,0,300,5,"Tuesday","1"
2018-09-04 05:15:00,0.477083333333333,135,0.0533333333829667,315,5,"Tuesday","1"
2018-09-04 05:30:00,0.484461538461538,135,0,330,5,"Tuesday","1"
2018-09-04 05:45:00,0.510083333333333,135,0,345,5,"Tuesday","1"
2018-09-04 06:00:00,0.559416666666667,135,0.00666666651766667,360,6,"Tuesday","1"
2018-09-04 06:15:00,0.552923076923077,135,0.00666666651766667,375,6,"Tuesday","1"
2018-09-04 06:30:00,0.5945,135,0.0800000006953,390,6,"Tuesday","1"
2018-09-04 06:45:00,0.612769230769231,90,0,405,6,"Tuesday","1"
2018-09-04 07:00:00,0.836166666666667,135,0.039999999106,420,7,"Tuesday","1"
2018-09-04 07:15:00,0.746923076923077,135,0.4466666691016,435,7,"Tuesday","1"
2018-09-04 07:30:00,0.706166666666667,135,0.199999998013333,450,7,"Tuesday","1"
2018-09-04 07:45:00,0.602,135,0.586666673422,465,7,"Tuesday","1"
2018-09-04 08:00:00,0.857166666666667,135,0.340000006059667,480,8,"Tuesday","1"
2018-09-04 08:15:00,0.83525,270,0.573333335419667,495,8,"Tuesday","1"
2018-09-04 08:30:00,1.058,135,0.713333348433667,510,8,"Tuesday","1"
2018-09-04 08:45:00,1.14116666666667,270,0.669999990610975,525,8,"Tuesday","1"
2018-09-04 09:00:00,1.16561538461538,270,0.193333330253633,540,9,"Tuesday","1"
2018-09-04 09:15:00,1.203,225,0.693333320318667,555,9,"Tuesday","1"
2018-09-04 09:30:00,1.29353846153846,225,0.713333354643667,570,9,"Tuesday","1"
2018-09-04 09:45:00,1.44841666666667,90,0.633333335320333,585,9,"Tuesday","1"
2018-09-04 10:00:00,1.69041666666667,270,0.8133333288123,600,10,"Tuesday","1"
2018-09-04 10:15:00,1.76546153846154,270,0.293333339194667,615,10,"Tuesday","1"
2018-09-04 10:30:00,1.50675,135,1.120000004765,630,10,"Tuesday","1"
2018-09-04 10:45:00,1.05153846153846,270,0.29000000096875,645,10,"Tuesday","1"
2018-09-04 11:00:00,1.00591666666667,270,0.733333339293667,660,11,"Tuesday","1"
2018-09-04 11:15:00,1.02538461538462,135,0.564999993890475,675,11,"Tuesday","1"
2018-09-04 11:30:00,0.9965,270,0.906666676204,690,11,"Tuesday","1"
2018-09-04 11:45:00,1.03058333333333,135,1.6500000059585,705,11,"Tuesday","1"
2018-09-04 12:00:00,0.975769230769231,90,0.766666650773333,720,12,"Tuesday","1"
2018-09-04 12:15:00,1.16525,270,0.959999978543333,735,12,"Tuesday","1"
2018-09-04 12:30:00,1.43223076923077,270,0.753333350024333,750,12,"Tuesday","1"
2018-09-04 12:45:00,1.2675,135,0.633333330351633,765,12,"Tuesday","1"
2018-09-04 13:00:00,1.45276923076923,270,0.886666655541667,780,13,"Tuesday","1"
2018-09-04 13:15:00,1.24233333333333,135,1.32000001271333,795,13,"Tuesday","1"
2018-09-04 13:30:00,1.12558333333333,270,0.6800000071525,810,13,"Tuesday","1"
2018-09-04 13:45:00,0.944076923076923,270,0.746666636317667,825,13,"Tuesday","1"
2018-09-04 14:00:00,1.26658333333333,225,1.366666654747,840,14,"Tuesday","1"
2018-09-04 14:15:00,0.724230769230769,90,1.260000027716,855,14,"Tuesday","1"
2018-09-04 14:30:00,0.8785,135,1.146666646005,870,14,"Tuesday","1"
2018-09-04 14:45:00,1.12053846153846,135,0.409999988041975,885,14,"Tuesday","1"
2018-09-04 15:00:00,0.8,225,1.05000001192,900,15,"Tuesday","1"
2018-09-04 15:15:00,0.729692307692308,135,1.65500000119,915,15,"Tuesday","1"
2018-09-04 15:30:00,0.816916666666667,90,0.686666677395667,930,15,"Tuesday","1"
2018-09-04 15:45:00,1.05246153846154,90,0.660000026226,945,15,"Tuesday","1"
2018-09-04 16:00:00,1.05116666666667,270,1.09333337346567,960,16,"Tuesday","1"
2018-09-04 16:15:00,1.28533333333333,225,0.575000016951225,975,16,"Tuesday","1"
2018-09-04 16:30:00,0.999692307692308,270,0.20000000298,990,16,"Tuesday","1"
2018-09-04 16:45:00,0.871916666666667,NA,NA,1005,16,"Tuesday","1"
2018-09-04 17:00:00,0.934153846153846,180,0.59999999217445,1020,17,"Tuesday","1"
2018-09-04 17:15:00,1.19041666666667,270,0.16000000014895,1035,17,"Tuesday","1"
2018-09-04 17:30:00,1.42007692307692,270,0.3499999940395,1050,17,"Tuesday","1"
2018-09-04 17:45:00,1.18323076923077,135,0.346666663885333,1065,17,"Tuesday","1"
2018-09-04 18:00:00,1.57225,270,0.5100000202655,1080,18,"Tuesday","1"
2018-09-04 18:15:00,1.33638461538462,135,0.12999999988825,1095,18,"Tuesday","1"
2018-09-04 18:30:00,1.2295,135,0,1110,18,"Tuesday","1"
2018-09-04 18:45:00,1.80016666666667,135,0,1125,18,"Tuesday","1"
2018-09-04 19:00:00,2.19738461538462,270,0,1140,19,"Tuesday","1"
2018-09-04 19:15:00,2.42933333333333,270,0,1155,19,"Tuesday","1"
2018-09-04 19:30:00,2.384,270,0,1170,19,"Tuesday","1"
2018-09-04 19:45:00,2.02025,270,0,1185,19,"Tuesday","1"
2018-09-04 20:00:00,2.49916666666667,225,0,1200,20,"Tuesday","1"
2018-09-04 20:15:00,2.71830769230769,225,0,1215,20,"Tuesday","1"
2018-09-04 20:30:00,3.50733333333333,225,0,1230,20,"Tuesday","1"
2018-09-04 20:45:00,3.78658333333333,225,0,1245,20,"Tuesday","1"
2018-09-04 21:00:00,4.52984615384615,225,0,1260,21,"Tuesday","1"
2018-09-04 21:15:00,4.12566666666667,225,0,1275,21,"Tuesday","1"
2018-09-04 21:30:00,4.42715384615385,225,0,1290,21,"Tuesday","1"
2018-09-04 21:45:00,3.48475,225,0,1305,21,"Tuesday","1"
2018-09-04 22:00:00,2.4805,225,0,1320,22,"Tuesday","1"
2018-09-04 22:15:00,2.34323076923077,225,0.0133333330353,1335,22,"Tuesday","1"
2018-09-04 22:30:00,3.2035,225,0,1350,22,"Tuesday","1"
2018-09-04 22:45:00,1.97,135,0.0199999995529667,1365,22,"Tuesday","1"
2018-09-04 23:00:00,1.35784615384615,135,0,1380,23,"Tuesday","1"
2018-09-04 23:15:00,1.06891666666667,270,0.0333333325882667,1395,23,"Tuesday","1"
2018-09-04 23:30:00,0.916166666666667,270,0.224999995901975,1410,23,"Tuesday","1"
2018-09-04 23:45:00,0.803384615384615,270,0.173333334425967,1425,23,"Tuesday","1"
2018-09-05 00:00:00,0.768583333333333,270,0.386666671683333,0,0,"Wednesday","1"
2018-09-05 00:15:00,0.670583333333333,270,0.119999998559667,15,0,"Wednesday","1"
2018-09-05 00:30:00,0.587153846153846,270,0.713333328565667,30,0,"Wednesday","1"
2018-09-05 00:45:00,0.515833333333333,270,0.353333325435633,45,0,"Wednesday","1"
2018-09-05 01:00:00,0.54775,270,0.00666666651766667,60,1,"Wednesday","1"
2018-09-05 01:15:00,0.590076923076923,270,0.179999995976667,75,1,"Wednesday","1"
2018-09-05 01:30:00,0.523833333333333,270,0.20500000007445,90,1,"Wednesday","1"
2018-09-05 01:45:00,0.428583333333333,180,0.0199999995529667,105,1,"Wednesday","1"
2018-09-05 02:00:00,0.485538461538462,225,0.0266666660706333,120,2,"Wednesday","1"
2018-09-05 02:15:00,0.523916666666667,135,0.159999998907333,135,2,"Wednesday","1"
2018-09-05 02:30:00,0.501166666666667,270,0.0599999999006333,150,2,"Wednesday","1"
2018-09-05 02:45:00,0.480846153846154,270,0.090000000782225,165,2,"Wednesday","1"
2018-09-05 03:00:00,0.546666666666667,270,0.1333333303533,180,3,"Wednesday","1"
2018-09-05 03:15:00,0.412,270,0.506666665275967,195,3,"Wednesday","1"
2018-09-05 03:30:00,0.411,270,0.366666674614,210,3,"Wednesday","1"
2018-09-05 03:45:00,0.493666666666667,270,0.0133333330353,225,3,"Wednesday","1"
2018-09-05 04:00:00,0.496615384615385,90,0.00666666651766667,240,4,"Wednesday","1"
2018-09-05 04:15:00,0.415,270,0.0466666668653333,255,4,"Wednesday","1"
2018-09-05 04:30:00,0.46975,135,0.019999999553,270,4,"Wednesday","1"
2018-09-05 04:45:00,0.470076923076923,270,0.240000009536667,285,4,"Wednesday","1"
2018-09-05 05:00:00,0.4725,225,0.100000000248333,300,5,"Wednesday","1"
2018-09-05 05:15:00,0.481846153846154,135,0.0133333330353333,315,5,"Wednesday","1"
2018-09-05 05:30:00,0.492666666666667,135,0.0266666660706333,330,5,"Wednesday","1"
2018-09-05 05:45:00,0.552846153846154,135,0.0466666656236,345,5,"Wednesday","1"
2018-09-05 06:00:00,0.51925,270,0.1666666691503,360,6,"Wednesday","1"
2018-09-05 06:15:00,0.6125,135,0.359999994437,375,6,"Wednesday","1"
2018-09-05 06:30:00,0.615916666666667,135,0.0466666656236,390,6,"Wednesday","1"
2018-09-05 06:45:00,0.540769230769231,135,0.200000000496967,405,6,"Wednesday","1"
2018-09-05 07:00:00,0.621666666666667,135,0.280000003675633,420,7,"Wednesday","1"
2018-09-05 07:15:00,0.652833333333333,270,0.6899999827145,435,7,"Wednesday","1"
2018-09-05 07:30:00,0.594307692307692,135,0.126666671286,450,7,"Wednesday","1"
2018-09-05 07:45:00,0.806666666666667,90,0.21999999322,465,7,"Wednesday","1"
2018-09-05 08:00:00,0.91,270,0.385000007227225,480,8,"Wednesday","1"
2018-09-05 08:15:00,0.847,270,0.406666671236333,495,8,"Wednesday","1"
2018-09-05 08:30:00,0.796916666666667,135,0.4400000050665,510,8,"Wednesday","1"
2018-09-05 08:45:00,0.956769230769231,180,0.889999985695,525,8,"Wednesday","1"
2018-09-05 09:00:00,1.34175,270,0.2900000065565,540,9,"Wednesday","1"
2018-09-05 09:15:00,1.35241666666667,135,0.293333336710967,555,9,"Wednesday","1"
2018-09-05 09:30:00,1.12330769230769,225,0.399999996026333,570,9,"Wednesday","1"
2018-09-05 09:45:00,0.998833333333333,135,0.746666659911667,585,9,"Wednesday","1"
2018-09-05 10:00:00,1.14707692307692,135,1.009999975563,600,10,"Wednesday","1"
2018-09-05 10:15:00,1.4575,270,0.764999990352,615,10,"Wednesday","1"
2018-09-05 10:30:00,1.26441666666667,225,0.949999980628,630,10,"Wednesday","1"
2018-09-05 10:45:00,1.22738461538462,135,1.054999992251,645,10,"Wednesday","1"
2018-09-05 11:00:00,1.02291666666667,270,0.439999987682,660,11,"Wednesday","1"
2018-09-05 11:15:00,1.03741666666667,270,0.84000000357575,675,11,"Wednesday","1"
2018-09-05 11:30:00,0.953923076923077,270,0.4099999964235,690,11,"Wednesday","1"
2018-09-05 11:45:00,1.14208333333333,225,0.866666679580333,705,11,"Wednesday","1"
2018-09-05 12:00:00,1.417,270,1.219999969007,720,12,"Wednesday","1"
2018-09-05 12:15:00,1.24941666666667,135,0.920000006756333,735,12,"Wednesday","1"
2018-09-05 12:30:00,1.08084615384615,315,2.150000035765,750,12,"Wednesday","1"
2018-09-05 12:45:00,1.00316666666667,135,1.146666646003,765,12,"Wednesday","1"
2018-09-05 13:00:00,1.22575,135,0.873333354791667,780,13,"Wednesday","1"
2018-09-05 13:15:00,0.886230769230769,90,1.66666668653467,795,13,"Wednesday","1"
2018-09-05 13:30:00,0.864416666666667,315,0.865000008605475,810,13,"Wednesday","1"
2018-09-05 13:45:00,1.02530769230769,270,1.019999980925,825,13,"Wednesday","1"
2018-09-05 14:00:00,1.15,270,0.726666659118,840,14,"Wednesday","1"
2018-09-05 14:15:00,0.890461538461538,135,0.953333318232,855,14,"Wednesday","1"
2018-09-05 14:30:00,1.00183333333333,135,0.3099999912085,870,14,"Wednesday","1"
2018-09-05 14:45:00,1.04607692307692,135,1.873333315057,885,14,"Wednesday","1"
2018-09-05 15:00:00,0.763416666666667,135,1.09000003338,900,15,"Wednesday","1"
2018-09-05 15:15:00,0.6555,135,1.34499999880875,915,15,"Wednesday","1"
2018-09-05 15:30:00,1.27484615384615,135,0.9099999964215,930,15,"Wednesday","1"
2018-09-05 15:45:00,0.997666666666667,270,0.639999985694667,945,15,"Wednesday","1"
2018-09-05 16:00:00,0.960916666666667,315,0.340000001092667,960,16,"Wednesday","1"
2018-09-05 16:15:00,1.01692307692308,225,0.626666665077333,975,16,"Wednesday","1"
2018-09-05 16:30:00,1.10058333333333,135,0.426666664580667,990,16,"Wednesday","1"
2018-09-05 16:45:00,0.941461538461538,135,0.626666665077333,1005,16,"Wednesday","1"
2018-09-05 17:00:00,0.98725,135,0.693333345155933,1020,17,"Wednesday","1"
2018-09-05 17:15:00,1.31615384615385,270,0.1666666691503,1035,17,"Wednesday","1"
2018-09-05 17:30:00,1.19925,135,0.626666655143,1050,17,"Wednesday","1"
2018-09-05 17:45:00,1.31930769230769,270,0.413333321611,1065,17,"Wednesday","1"
2018-09-05 18:00:00,1.07833333333333,180,0.593333328763633,1080,18,"Wednesday","1"
2018-09-05 18:15:00,1.47907692307692,135,0.726666693886,1095,18,"Wednesday","1"
2018-09-05 18:30:00,1.19669230769231,135,0.09999999776495,1110,18,"Wednesday","1"
2018-09-05 18:45:00,1.43891666666667,180,0.179999999701967,1125,18,"Wednesday","1"
2018-09-05 19:00:00,1.55546153846154,225,0.1800000071525,1140,19,"Wednesday","1"
2018-09-05 19:15:00,1.47091666666667,135,0.00666666651766667,1155,19,"Wednesday","1"
2018-09-05 19:30:00,1.42776923076923,225,0.0199999995529667,1170,19,"Wednesday","1"
2018-09-05 19:45:00,1.7155,90,0,1185,19,"Wednesday","1"
2018-09-05 20:00:00,1.46158333333333,135,0,1200,20,"Wednesday","1"
2018-09-05 20:15:00,1.16430769230769,135,0.00666666651766667,1215,20,"Wednesday","1"
2018-09-05 20:30:00,1.15425,135,0.146666665872,1230,20,"Wednesday","1"
2018-09-05 20:45:00,1.238,135,0.373333341131667,1245,20,"Wednesday","1"
2018-09-05 21:00:00,1.4405,135,0.233333335568667,1260,21,"Wednesday","1"
2018-09-05 21:15:00,1.12291666666667,180,0.050000000745,1275,21,"Wednesday","1"
2018-09-05 21:30:00,1.49007692307692,90,0.606666682907633,1290,21,"Wednesday","1"
2018-09-05 21:45:00,1.06633333333333,135,0.693333322804333,1305,21,"Wednesday","1"
2018-09-05 22:00:00,1.03241666666667,270,0.466666668653667,1320,22,"Wednesday","1"
2018-09-05 22:15:00,1.06746153846154,270,0.100000001490333,1335,22,"Wednesday","1"
2018-09-05 22:30:00,1.03141666666667,90,0.50999998860045,1350,22,"Wednesday","1"
2018-09-05 22:45:00,0.926833333333333,135,0.246666666120333,1365,22,"Wednesday","1"
2018-09-05 23:00:00,0.746692307692308,135,0.0599999986589,1380,23,"Wednesday","1"
2018-09-05 23:15:00,0.691083333333333,270,0.106666668007667,1395,23,"Wednesday","1"
2018-09-05 23:30:00,0.60275,225,0.0599999986589,1410,23,"Wednesday","1"
2018-09-05 23:45:00,0.831615384615385,135,0.486666661997667,1425,23,"Wednesday","1"
2018-09-06 00:00:00,0.609916666666667,135,0.233333331843333,0,0,"Thursday","1"
2018-09-06 00:15:00,0.609583333333333,135,0.509999992326,15,0,"Thursday","1"
2018-09-06 00:30:00,0.522538461538462,270,0.520000010729,30,0,"Thursday","1"
2018-09-06 00:45:00,0.537333333333333,270,0.8200000226505,45,0,"Thursday","1"
2018-09-06 01:00:00,0.476666666666667,135,0.266666660706333,60,1,"Thursday","1"
2018-09-06 01:15:00,0.488461538461539,135,0.0799999994536,75,1,"Thursday","1"
2018-09-06 01:30:00,0.485416666666667,270,0.760000002882,90,1,"Thursday","1"
2018-09-06 01:45:00,0.48325,270,0.2066666632893,105,1,"Thursday","1"
2018-09-06 02:00:00,0.477538461538462,270,0.746666659910333,120,2,"Thursday","1"
2018-09-06 02:15:00,0.445416666666667,270,0.0733333341776667,135,2,"Thursday","1"
2018-09-06 02:30:00,0.450384615384615,270,0.106666669249667,150,2,"Thursday","1"
2018-09-06 02:45:00,0.426583333333333,135,0.0866666659713333,165,2,"Thursday","1"
2018-09-06 03:00:00,0.389833333333333,90,0.3499999940395,180,3,"Thursday","1"
2018-09-06 03:15:00,0.404692307692308,270,0.044999998994225,195,3,"Thursday","1"
2018-09-06 03:30:00,0.41025,135,0.226666660358633,210,3,"Thursday","1"
2018-09-06 03:45:00,0.396923076923077,135,0.266666661947933,225,3,"Thursday","1"
2018-09-06 04:00:00,0.375384615384615,90,0.1133333332836,240,4,"Thursday","1"
2018-09-06 04:15:00,0.409416666666667,270,0.100000000248333,255,4,"Thursday","1"
2018-09-06 04:30:00,0.45,135,0.13999999687095,270,4,"Thursday","1"
2018-09-06 04:45:00,0.482083333333333,135,0.0133333330353333,285,4,"Thursday","1"
2018-09-06 05:00:00,0.442384615384615,270,0.0799999994536667,300,5,"Thursday","1"
2018-09-06 05:15:00,0.43625,135,0.179999998460267,315,5,"Thursday","1"
2018-09-06 05:30:00,0.416538461538462,135,0.119999997317633,330,5,"Thursday","1"
2018-09-06 05:45:00,0.47875,135,0.215000002644975,345,5,"Thursday","1"
2018-09-06 06:00:00,0.501307692307692,135,0.25999999418845,360,6,"Thursday","1"
2018-09-06 06:15:00,0.673083333333333,270,0.205000001937,375,6,"Thursday","1"
2018-09-06 06:30:00,0.584166666666667,135,0.833333363138667,390,6,"Thursday","1"
2018-09-06 06:45:00,0.664384615384615,90,0.0599999986589667,405,6,"Thursday","1"
2018-09-06 07:00:00,0.664666666666667,270,0.2399999946355,420,7,"Thursday","1"
2018-09-06 07:15:00,0.655846153846154,135,0.0933333312473333,435,7,"Thursday","1"
2018-09-06 07:30:00,0.878416666666667,270,0.273333330949333,450,7,"Thursday","1"
2018-09-06 07:45:00,0.7625,270,0.0266666660706333,465,7,"Thursday","1"
2018-09-06 08:00:00,1.08869230769231,270,0.193333335220967,480,8,"Thursday","1"
2018-09-06 08:15:00,0.795333333333333,270,0.459999988476333,495,8,"Thursday","1"
2018-09-06 08:30:00,0.85,270,0.353333330403,510,8,"Thursday","1"
2018-09-06 08:45:00,1.11633333333333,270,1.42666665713,525,8,"Thursday","1"
2018-09-06 09:00:00,0.974916666666667,270,0.119999997317633,540,9,"Thursday","1"
2018-09-06 09:15:00,1.00276923076923,270,0.386666680375667,555,9,"Thursday","1"
2018-09-06 09:30:00,1.22558333333333,270,0.613333334525333,570,9,"Thursday","1"
2018-09-06 09:45:00,1.014,180,0.826666663091667,585,9,"Thursday","1"
2018-09-06 10:00:00,1.10783333333333,225,0.773333311079333,600,10,"Thursday","1"
2018-09-06 10:15:00,1.285,270,0.819999982914333,615,10,"Thursday","1"
2018-09-06 10:30:00,1.33376923076923,270,0.826666653155667,630,10,"Thursday","1"
2018-09-06 10:45:00,1.63216666666667,270,0.9449999975045,645,10,"Thursday","1"
2018-09-06 11:00:00,1.12576923076923,225,1.05000001192,660,11,"Thursday","1"
2018-09-06 11:15:00,1.58158333333333,135,0.75499999523175,675,11,"Thursday","1"
2018-09-06 11:30:00,1.31058333333333,180,1.129999965427,690,11,"Thursday","1"
2018-09-06 11:45:00,1.09253846153846,270,0.719999983907,705,11,"Thursday","1"
2018-09-06 12:00:00,1.0575,225,0.320000007749,720,12,"Thursday","1"
2018-09-06 12:15:00,1.02423076923077,135,0.786666676403,735,12,"Thursday","1"
2018-09-06 12:30:00,1.09691666666667,135,0.493333319822633,750,12,"Thursday","1"
2018-09-06 12:45:00,1.16933333333333,270,0.573333332936,765,12,"Thursday","1"
2018-09-06 13:00:00,1.52230769230769,90,0.479999997962967,780,13,"Thursday","1"
2018-09-06 13:15:00,1.28241666666667,270,1.515000000596,795,13,"Thursday","1"
2018-09-06 13:30:00,1.17038461538462,90,1.20666668812567,810,13,"Thursday","1"
2018-09-06 13:45:00,1.14925,270,0.4066666613023,825,13,"Thursday","1"
2018-09-06 14:00:00,1.20692307692308,90,0.91500002145975,840,14,"Thursday","1"
2018-09-06 14:15:00,1.26008333333333,270,0.7500000223525,855,14,"Thursday","1"
2018-09-06 14:30:00,1.28991666666667,270,0.960000010828667,870,14,"Thursday","1"
2018-09-06 14:45:00,1.12915384615385,270,1.51999998092667,885,14,"Thursday","1"
2018-09-06 15:00:00,0.94825,225,0.77999998629,900,15,"Thursday","1"
2018-09-06 15:15:00,1.11776923076923,270,0.42499999701975,915,15,"Thursday","1"
2018-09-06 15:30:00,1.03558333333333,270,1.23333330949333,930,15,"Thursday","1"
2018-09-06 15:45:00,1.02561538461538,270,0.2400000067427,945,15,"Thursday","1"
2018-09-06 16:00:00,0.842666666666667,135,0.249999994412,960,16,"Thursday","1"
2018-09-06 16:15:00,1.09566666666667,90,0.4799999911345,975,16,"Thursday","1"
2018-09-06 16:30:00,1.09630769230769,180,0.346666668852333,990,16,"Thursday","1"
2018-09-06 16:45:00,0.939083333333333,135,0.339999996125633,1005,16,"Thursday","1"
2018-09-06 17:00:00,1.07238461538462,135,0.373333327473333,1020,17,"Thursday","1"
2018-09-06 17:15:00,1.03058333333333,270,0.733333349228,1035,17,"Thursday","1"
2018-09-06 17:30:00,1.12538461538462,270,0.33500000648195,1050,17,"Thursday","1"
2018-09-06 17:45:00,1.37325,135,0.326666663090333,1065,17,"Thursday","1"
2018-09-06 18:00:00,1.47483333333333,135,0.0866666647296333,1080,18,"Thursday","1"
2018-09-06 18:15:00,1.41146153846154,135,0,1095,18,"Thursday","1"
2018-09-06 18:30:00,1.40841666666667,135,0,1110,18,"Thursday","1"
2018-09-06 18:45:00,1.57030769230769,135,0,1125,18,"Thursday","1"
2018-09-06 19:00:00,1.46541666666667,135,0.05999999959025,1140,19,"Thursday","1"
2018-09-06 19:15:00,1.79816666666667,135,0.1299999970945,1155,19,"Thursday","1"
2018-09-06 19:30:00,1.34746153846154,135,0.0099999997765,1170,19,"Thursday","1"
2018-09-06 19:45:00,1.24675,135,0.139999996870667,1185,19,"Thursday","1"
2018-09-06 20:00:00,1.78515384615385,135,0.819999992847,1200,20,"Thursday","1"
2018-09-06 20:15:00,1.3695,135,0.986666659513,1215,20,"Thursday","1"
2018-09-06 20:30:00,1.10008333333333,135,0.69000002555445,1230,20,"Thursday","1"
2018-09-06 20:45:00,1.38081818181818,135,0.413333329061633,1245,20,"Thursday","1"
2018-09-06 21:00:00,1.04684615384615,135,0.4399999976155,1260,21,"Thursday","1"
2018-09-06 21:15:00,1.05416666666667,225,0.49333332479,1275,21,"Thursday","1"
2018-09-06 21:30:00,0.914,270,0.860000006853,1290,21,"Thursday","1"
2018-09-06 21:45:00,1.42115384615385,135,0.473333343863333,1305,21,"Thursday","1"
2018-09-06 22:00:00,0.904333333333333,270,0.213333331048333,1320,22,"Thursday","1"
2018-09-06 22:15:00,1.01776923076923,270,0.099999999627475,1335,22,"Thursday","1"
2018-09-06 22:30:00,0.737833333333333,135,0.099999996523,1350,22,"Thursday","1"
2018-09-06 22:45:00,0.934333333333333,270,0.03333333383,1365,22,"Thursday","1"
2018-09-06 23:00:00,0.803615384615385,225,0.03999999910595,1380,23,"Thursday","1"
2018-09-06 23:15:00,0.822333333333333,270,0.0466666668653333,1395,23,"Thursday","1"
2018-09-06 23:30:00,0.685692307692308,135,0.339999996125633,1410,23,"Thursday","1"
2018-09-06 23:45:00,0.586333333333333,270,0.180000002185633,1425,23,"Thursday","1"
2018-09-07 00:00:00,0.616416666666667,135,0.0399999991059667,0,0,"Friday","1"
2018-09-07 00:15:00,0.655538461538462,135,0.260000006295725,15,0,"Friday","1"
2018-09-07 00:30:00,0.53475,135,0.0599999999006333,30,0,"Friday","1"
2018-09-07 00:45:00,0.51,135,0.366666658470967,45,0,"Friday","1"
2018-09-07 01:00:00,0.5235,135,0.480000005414,60,1,"Friday","1"
2018-09-07 01:15:00,0.525416666666667,135,0.0933333349726333,75,1,"Friday","1"
2018-09-07 01:30:00,0.534153846153846,135,0.0133333330353333,90,1,"Friday","1"
2018-09-07 01:45:00,0.480666666666667,90,0.0733333329359667,105,1,"Friday","1"
2018-09-07 02:00:00,0.435833333333333,90,0.0533333333829667,120,2,"Friday","1"
2018-09-07 02:15:00,0.434307692307692,135,0.3599999984725,135,2,"Friday","1"
2018-09-07 02:30:00,0.439833333333333,270,0.2600000053645,150,2,"Friday","1"
2018-09-07 02:45:00,0.437153846153846,135,0.0199999995529667,165,2,"Friday","1"
2018-09-07 03:00:00,0.417583333333333,135,0.433333327374,180,3,"Friday","1"
2018-09-07 03:15:00,0.457538461538462,90,0.373333334923,195,3,"Friday","1"
2018-09-07 03:30:00,0.410230769230769,135,0.293333328018633,210,3,"Friday","1"
2018-09-07 03:45:00,0.387166666666667,135,0.0599999986589,225,3,"Friday","1"
2018-09-07 04:00:00,0.384769230769231,135,0.750000003726,240,4,"Friday","1"
2018-09-07 04:15:00,0.380583333333333,135,0.593333308895633,255,4,"Friday","1"
2018-09-07 04:30:00,0.381153846153846,135,0.253333333879667,270,4,"Friday","1"
2018-09-07 04:45:00,0.45975,135,0.10499999765295,285,4,"Friday","1"
2018-09-07 05:00:00,0.489833333333333,135,0.01999999955295,300,5,"Friday","1"
2018-09-07 05:15:00,0.484923076923077,135,0.11499999929225,315,5,"Friday","1"
2018-09-07 05:30:00,0.5,135,0.609999969602,330,5,"Friday","1"
2018-09-07 05:45:00,0.494916666666667,270,0.613333324591333,345,5,"Friday","1"
2018-09-07 06:00:00,0.578461538461538,135,0.846666663885667,360,6,"Friday","1"
2018-09-07 06:15:00,0.585416666666667,135,0.3849999941885,375,6,"Friday","1"
2018-09-07 06:30:00,0.689307692307692,225,0.09999999776495,390,6,"Friday","1"
2018-09-07 06:45:00,0.63075,135,0.180000006221225,405,6,"Friday","1"
2018-09-07 07:00:00,0.815166666666667,90,0.486666674415333,420,7,"Friday","1"
2018-09-07 07:15:00,0.690153846153846,135,0.580000013112667,435,7,"Friday","1"
2018-09-07 07:30:00,0.877333333333333,135,0.660000006359333,450,7,"Friday","1"
2018-09-07 07:45:00,0.873846153846154,180,0.713333326082667,465,7,"Friday","1"
2018-09-07 08:00:00,0.79375,270,1.5400000363585,480,8,"Friday","1"
2018-09-07 08:15:00,0.979153846153846,225,1.009999997915,495,8,"Friday","1"
2018-09-07 08:30:00,1.06,135,1.319999992845,510,8,"Friday","1"
2018-09-07 08:45:00,1.29515384615385,270,0.366666672130333,525,8,"Friday","1"
2018-09-07 09:00:00,1.39833333333333,135,0.846666653951667,540,9,"Friday","1"
2018-09-07 09:15:00,1.92283333333333,90,0.553333322208333,555,9,"Friday","1"
2018-09-07 09:30:00,1.33330769230769,90,1.30000001192,570,9,"Friday","1"
2018-09-07 09:45:00,1.11383333333333,135,2.0699999928475,585,9,"Friday","1"
2018-09-07 10:00:00,0.900384615384615,135,1.18000000715133,600,10,"Friday","1"
2018-09-07 10:15:00,1.13425,135,0.613333323347967,615,10,"Friday","1"
2018-09-07 10:30:00,1.11853846153846,270,1.1899999976165,630,10,"Friday","1"
2018-09-07 10:45:00,1.00116666666667,270,1.75999999046333,645,10,"Friday","1"
2018-09-07 11:00:00,1.368,270,1.66666666666667,660,11,"Friday","1"
2018-09-07 11:15:00,1.18576923076923,135,0.640000011772,675,11,"Friday","1"
2018-09-07 11:30:00,1.18541666666667,270,0.900000015894333,690,11,"Friday","1"
2018-09-07 11:45:00,1.03884615384615,270,1.7600000302,705,11,"Friday","1"
2018-09-07 12:00:00,0.93,135,1.19333332777233,720,12,"Friday","1"
2018-09-07 12:15:00,1.38584615384615,270,0.973333319029333,735,12,"Friday","1"
2018-09-07 12:30:00,1.31833333333333,270,1.270000040535,750,12,"Friday","1"
2018-09-07 12:45:00,1.06766666666667,270,0.439999992649,765,12,"Friday","1"
2018-09-07 13:00:00,1.13515384615385,135,1.23333334922833,780,13,"Friday","1"
2018-09-07 13:15:00,0.846166666666667,270,0.7999999908103,795,13,"Friday","1"
2018-09-07 13:30:00,1.08346153846154,270,1.17333334684367,810,13,"Friday","1"
2018-09-07 13:45:00,0.95175,135,1.41333333651267,825,13,"Friday","1"
2018-09-07 14:00:00,1.1395,135,1.19999998808,840,14,"Friday","1"
2018-09-07 14:15:00,1.04676923076923,135,1.115000002084,855,14,"Friday","1"
2018-09-07 14:30:00,1.22366666666667,270,0.826666673025333,870,14,"Friday","1"
2018-09-07 14:45:00,1.05661538461538,270,0.7400000095375,885,14,"Friday","1"
2018-09-07 15:00:00,1.01083333333333,90,1.22666664918333,900,15,"Friday","1"
2018-09-07 15:15:00,1.13738461538462,135,1.05999997258175,915,15,"Friday","1"
2018-09-07 15:30:00,1.08015384615385,90,1.17333334684267,930,15,"Friday","1"
2018-09-07 15:45:00,1.12658333333333,135,0.70999999344325,945,15,"Friday","1"
2018-09-07 16:00:00,0.989153846153846,270,2.380000054835,960,16,"Friday","1"
2018-09-07 16:15:00,1.1825,270,0.4249999998137,975,16,"Friday","1"
2018-09-07 16:30:00,1.17616666666667,135,0.80999998003,990,16,"Friday","1"
2018-09-07 16:45:00,1.33946153846154,135,0.74999999999875,1005,16,"Friday","1"
2018-09-07 17:00:00,1.32325,180,0.299999991432,1020,17,"Friday","1"
2018-09-07 17:15:00,0.899833333333333,135,0.653333346049,1035,17,"Friday","1"
2018-09-07 17:30:00,1.05684615384615,135,0.4200000017883,1050,17,"Friday","1"
2018-09-07 17:45:00,1.18091666666667,270,0.505000011996475,1065,17,"Friday","1"
2018-09-07 18:00:00,1.11,225,0.0733333316943,1080,18,"Friday","1"
2018-09-07 18:15:00,1.16516666666667,135,0.6200000047685,1095,18,"Friday","1"
2018-09-07 18:30:00,1.37783333333333,225,0.160000001390633,1110,18,"Friday","1"
2018-09-07 18:45:00,1.23676923076923,135,0.0133333330353,1125,18,"Friday","1"
2018-09-07 19:00:00,1.38725,135,0.0099999997765,1140,19,"Friday","1"
2018-09-07 19:15:00,1.79983333333333,135,0.0133333330353,1155,19,"Friday","1"
2018-09-07 19:30:00,1.72792307692308,135,0,1170,19,"Friday","1"
2018-09-07 19:45:00,1.99583333333333,180,0.26999999024,1185,19,"Friday","1"
2018-09-07 20:00:00,1.05753846153846,135,0.119999998559667,1200,20,"Friday","1"
2018-09-07 20:15:00,1.22275,90,0.4866666644813,1215,20,"Friday","1"
2018-09-07 20:30:00,1.09533333333333,270,0.426666652162967,1230,20,"Friday","1"
2018-09-07 20:45:00,0.991538461538462,135,0.939999997616,1245,20,"Friday","1"
2018-09-07 21:00:00,1.02308333333333,135,0.606666654348333,1260,21,"Friday","1"
2018-09-07 21:15:00,0.95675,225,0.2799999925,1275,21,"Friday","1"
2018-09-07 21:30:00,0.856846153846154,90,0.75,1290,21,"Friday","1"
2018-09-07 21:45:00,0.9105,135,0.2200000012913,1305,21,"Friday","1"
2018-09-07 22:00:00,1.17115384615385,135,0.0533333321413,1320,22,"Friday","1"
2018-09-07 22:15:00,1.06866666666667,270,0.193333326528633,1335,22,"Friday","1"
2018-09-07 22:30:00,0.974166666666667,135,0.326666669299333,1350,22,"Friday","1"
2018-09-07 22:45:00,0.951076923076923,45,0.0933333362143333,1365,22,"Friday","1"
2018-09-07 23:00:00,0.8095,270,0.606666664282,1380,23,"Friday","1"
2018-09-07 23:15:00,0.744384615384615,315,0.506666660308667,1395,23,"Friday","1"
2018-09-07 23:30:00,0.611666666666667,90,0.5100000053645,1410,23,"Friday","1"
2018-09-07 23:45:00,0.706,135,0.1149999974297,1425,23,"Friday","1"
2018-09-08 00:00:00,0.582692307692308,135,1.133333345254,0,0,"Saturday","1"
2018-09-08 00:15:00,0.599166666666667,135,0.326666668057667,15,0,"Saturday","2"
2018-09-08 00:30:00,0.552153846153846,270,0.679999987284333,30,0,"Saturday","2"
2018-09-08 00:45:00,0.58775,225,0.220000001291633,45,0,"Saturday","2"
2018-09-08 01:00:00,0.536583333333333,135,0.760000010333333,60,1,"Saturday","2"
2018-09-08 01:15:00,0.476846153846154,270,0.81999997298,75,1,"Saturday","2"
2018-09-08 01:30:00,0.466,135,0.199999998013333,90,1,"Saturday","2"
2018-09-08 01:45:00,0.46475,270,0.42000000303,105,1,"Saturday","2"
2018-09-08 02:00:00,0.483923076923077,270,0.193333333978967,120,2,"Saturday","2"
2018-09-08 02:15:00,0.46625,135,0.0866666672129667,135,2,"Saturday","2"
2018-09-08 02:30:00,0.46275,225,0.2599999997765,150,2,"Saturday","2"
2018-09-08 02:45:00,0.403769230769231,135,0.0333333325883,165,2,"Saturday","2"
2018-09-08 03:00:00,0.378583333333333,270,0.75,180,3,"Saturday","2"
2018-09-08 03:15:00,0.34825,135,0.506666666517667,195,3,"Saturday","2"
2018-09-08 03:30:00,0.4205,270,0.019999999552975,210,3,"Saturday","2"
2018-09-08 03:45:00,0.430461538461538,135,0.100000000248333,225,3,"Saturday","2"
2018-09-08 04:00:00,0.443916666666667,135,0.400000000993967,240,4,"Saturday","2"
2018-09-08 04:15:00,0.401153846153846,135,0.200000000496633,255,4,"Saturday","2"
2018-09-08 04:30:00,0.37975,90,0.126666663835333,270,4,"Saturday","2"
2018-09-08 04:45:00,0.43725,135,0.253333340088633,285,4,"Saturday","2"
2018-09-08 05:00:00,0.398615384615385,270,0.3399999961255,300,5,"Saturday","2"
2018-09-08 05:15:00,0.429333333333333,270,0.393333323299967,315,5,"Saturday","2"
2018-09-08 05:30:00,0.409916666666667,180,0.246666663636633,330,5,"Saturday","2"
2018-09-08 05:45:00,0.438166666666667,135,0.686666657527333,345,5,"Saturday","2"
2018-09-08 06:00:00,0.433769230769231,135,0.785000018777,360,6,"Saturday","2"
2018-09-08 06:15:00,0.516416666666667,270,0.206666664531,375,6,"Saturday","2"
2018-09-08 06:30:00,0.523416666666667,270,0.386666659265633,390,6,"Saturday","2"
2018-09-08 06:45:00,0.596769230769231,90,0.320000000298,405,6,"Saturday","2"
2018-09-08 07:00:00,0.706416666666667,45,0.10999999754145,420,7,"Saturday","2"
2018-09-08 07:15:00,0.92975,135,0.20000000298,435,7,"Saturday","2"
2018-09-08 07:30:00,0.928,90,0.660000026226,450,7,"Saturday","2"
2018-09-08 07:45:00,0.821727272727273,270,0.0999999977649667,465,7,"Saturday","2"
2018-09-08 08:00:00,1.1607,270,0.04999999888245,480,8,"Saturday","2"
2018-09-08 08:15:00,1.24836363636364,270,0.446666667858667,495,8,"Saturday","2"
2018-09-08 08:30:00,0.963363636363636,225,0.36000001244245,510,8,"Saturday","2"
2018-09-08 08:45:00,0.9073,270,0.419999986887,525,8,"Saturday","2"
2018-09-08 09:00:00,1.088,270,0.866666664679,540,9,"Saturday","2"
2018-09-08 09:15:00,1.31918181818182,270,0.806666692097333,555,9,"Saturday","2"
2018-09-08 09:30:00,1.45936363636364,270,1.619999945165,570,9,"Saturday","2"
2018-09-08 09:45:00,1.04445454545455,135,1.053333342076,585,9,"Saturday","2"
2018-09-08 10:00:00,1.06381818181818,270,0.759999990463,600,10,"Saturday","2"
2018-09-08 10:15:00,0.930166666666667,135,1.3350000232465,615,10,"Saturday","2"
2018-09-08 10:30:00,0.830416666666667,225,1.10666667421533,630,10,"Saturday","2"
2018-09-08 10:45:00,0.979416666666667,270,1.020000000796,645,10,"Saturday","2"
2018-09-08 11:00:00,0.9075,90,0.749999985098,660,11,"Saturday","2"
2018-09-08 11:15:00,0.965846153846154,270,0.9249999821175,675,11,"Saturday","2"
2018-09-08 11:30:00,1.03108333333333,270,1.879999995235,690,11,"Saturday","2"
2018-09-08 11:45:00,0.97125,270,0.360000003129,705,11,"Saturday","2"
2018-09-08 12:00:00,1.50553846153846,135,1.72000002861,720,12,"Saturday","2"
2018-09-08 12:15:00,1.11233333333333,135,1.879999935625,735,12,"Saturday","2"
2018-09-08 12:30:00,0.950083333333333,135,1.4533333381,750,12,"Saturday","2"
2018-09-08 12:45:00,1.18991666666667,135,0.75,765,12,"Saturday","2"
2018-09-08 13:00:00,0.684916666666667,NA,NA,780,13,"Saturday","2"
2018-09-08 13:15:00,1.19823076923077,135,1.04666668176533,795,13,"Saturday","2"
2018-09-08 13:30:00,0.8685,135,0.180000007153,810,13,"Saturday","2"
2018-09-08 13:45:00,0.95175,NA,NA,825,13,"Saturday","2"
2018-09-08 14:00:00,1.20308333333333,NA,NA,840,14,"Saturday","2"
2018-09-08 14:15:00,1.40061538461538,NA,NA,855,14,"Saturday","2"
2018-09-08 14:30:00,1.02291666666667,NA,NA,870,14,"Saturday","2"
2018-09-08 14:45:00,1.24533333333333,NA,NA,885,14,"Saturday","2"
2018-09-08 15:00:00,0.922333333333333,225,0.453333338101667,900,15,"Saturday","2"
2018-09-08 15:15:00,1.26007692307692,135,0.973333333929333,915,15,"Saturday","2"
2018-09-08 15:30:00,1.09716666666667,225,0.0533333333829667,930,15,"Saturday","2"
2018-09-08 15:45:00,1.06191666666667,270,0.586666663487667,945,15,"Saturday","2"
2018-09-08 16:00:00,1.01438461538462,270,0.673333313316333,960,16,"Saturday","2"
2018-09-08 16:15:00,1.31241666666667,270,0.826666653155333,975,16,"Saturday","2"
2018-09-08 16:30:00,1.43146153846154,270,0.546666671832333,990,16,"Saturday","2"
2018-09-08 16:45:00,1.51925,270,0.705000010319475,1005,16,"Saturday","2"
2018-09-08 17:00:00,1.55316666666667,270,0.7899999618535,1020,17,"Saturday","2"
2018-09-08 17:15:00,0.904923076923077,135,1.00666667024333,1035,17,"Saturday","2"
2018-09-08 17:30:00,0.903083333333333,135,0.094999998808,1050,17,"Saturday","2"
2018-09-08 17:45:00,1.04623076923077,270,0.0466666656235667,1065,17,"Saturday","2"
2018-09-08 18:00:00,1.18283333333333,135,0.0799999994536667,1080,18,"Saturday","2"
2018-09-08 18:15:00,1.29675,270,0.049999999813725,1095,18,"Saturday","2"
2018-09-08 18:30:00,1.097,270,0.01999999955295,1110,18,"Saturday","2"
2018-09-08 18:45:00,1.41516666666667,135,0.066666668902,1125,18,"Saturday","2"
2018-09-08 19:00:00,1.58869230769231,135,0,1140,19,"Saturday","2"
2018-09-08 19:15:00,1.98741666666667,135,0,1155,19,"Saturday","2"
2018-09-08 19:30:00,2.53233333333333,270,0,1170,19,"Saturday","2"
2018-09-08 19:45:00,2.56746153846154,270,0,1185,19,"Saturday","2"
2018-09-08 20:00:00,2.14925,270,0,1200,20,"Saturday","2"
2018-09-08 20:15:00,1.77761538461538,135,0.00666666651766667,1215,20,"Saturday","2"
2018-09-08 20:30:00,1.56075,135,0.0199999995529667,1230,20,"Saturday","2"
2018-09-08 20:45:00,1.9415,135,0.00666666651766667,1245,20,"Saturday","2"
2018-09-08 21:00:00,1.25638461538462,135,0.00499999988825,1260,21,"Saturday","2"
2018-09-08 21:15:00,1.19908333333333,135,0.00666666651766667,1275,21,"Saturday","2"
2018-09-08 21:30:00,1.15761538461538,135,0,1290,21,"Saturday","2"
2018-09-08 21:45:00,1.16183333333333,135,0,1305,21,"Saturday","2"
2018-09-08 22:00:00,1.2225,135,0.0199999995529667,1320,22,"Saturday","2"
2018-09-08 22:15:00,1.18769230769231,135,0.139999998112633,1335,22,"Saturday","2"
2018-09-08 22:30:00,1.02566666666667,270,0,1350,22,"Saturday","2"
2018-09-08 22:45:00,0.962538461538461,135,0.1600000001493,1365,22,"Saturday","2"
2018-09-08 23:00:00,0.8125,135,0.266666656981,1380,23,"Saturday","2"
2018-09-08 23:15:00,0.83925,90,0.200000007947333,1395,23,"Saturday","2"
2018-09-08 23:30:00,0.887769230769231,270,0.413333335270633,1410,23,"Saturday","2"
2018-09-08 23:45:00,0.692083333333333,135,0.0400000003476667,1425,23,"Saturday","2"
2018-09-09 00:00:00,0.791769230769231,90,0.0399999991059333,0,0,"Sunday","2"
2018-09-09 00:15:00,0.665666666666667,225,0.0266666660706333,15,0,"Sunday","2"
2018-09-09 00:30:00,0.600615384615385,90,0.13999999500825,30,0,"Sunday","2"
2018-09-09 00:45:00,0.538833333333333,270,0.0399999991059333,45,0,"Sunday","2"
2018-09-09 01:00:00,0.567615384615385,135,0.00666666651766667,60,1,"Sunday","2"
2018-09-09 01:15:00,0.547846153846154,270,0.0799999994536667,75,1,"Sunday","2"
2018-09-09 01:30:00,0.54425,135,0.333333323399333,90,1,"Sunday","2"
2018-09-09 01:45:00,0.547692307692308,135,0.106666670491333,105,1,"Sunday","2"
2018-09-09 02:00:00,0.52775,135,0.00666666651766667,120,2,"Sunday","2"
2018-09-09 02:15:00,0.53975,270,0,135,2,"Sunday","2"
2018-09-09 02:30:00,0.497384615384615,90,0,150,2,"Sunday","2"
2018-09-09 02:45:00,0.455583333333333,90,0.0133333330353,165,2,"Sunday","2"
2018-09-09 03:00:00,0.437923076923077,135,0.059999998659,180,3,"Sunday","2"
2018-09-09 03:15:00,0.439833333333333,135,0,195,3,"Sunday","2"
2018-09-09 03:30:00,0.444166666666667,135,0.0133333330353333,210,3,"Sunday","2"
2018-09-09 03:45:00,0.472153846153846,135,0.193333327770333,225,3,"Sunday","2"
2018-09-09 04:00:00,0.471916666666667,225,0.160000005737,240,4,"Sunday","2"
2018-09-09 04:15:00,0.41375,135,0.04500000178825,255,4,"Sunday","2"
2018-09-09 04:30:00,0.424461538461538,135,0.0099999997765,270,4,"Sunday","2"
2018-09-09 04:45:00,0.3945,90,0.1800000071525,285,4,"Sunday","2"
2018-09-09 05:00:00,0.504615384615385,225,0,300,5,"Sunday","2"
2018-09-09 05:15:00,0.468083333333333,225,0,315,5,"Sunday","2"
2018-09-09 05:30:00,0.57075,270,0,330,5,"Sunday","2"
2018-09-09 05:45:00,0.661923076923077,225,0,345,5,"Sunday","2"
2018-09-09 06:00:00,0.554583333333333,135,0.0466666668653333,360,6,"Sunday","2"
2018-09-09 06:15:00,0.522769230769231,135,0,375,6,"Sunday","2"
2018-09-09 06:30:00,0.555333333333333,135,0.0199999995529667,390,6,"Sunday","2"
2018-09-09 06:45:00,0.55975,135,0,405,6,"Sunday","2"
2018-09-09 07:00:00,0.603384615384615,135,0,420,7,"Sunday","2"
2018-09-09 07:15:00,0.542583333333333,135,0,435,7,"Sunday","2"
2018-09-09 07:30:00,0.575692307692308,270,0,450,7,"Sunday","2"
2018-09-09 07:45:00,0.667083333333333,180,0.1466666646303,465,7,"Sunday","2"
2018-09-09 08:00:00,0.811307692307692,225,0.0099999997765,480,8,"Sunday","2"
2018-09-09 08:15:00,0.710666666666667,135,0.306666664779333,495,8,"Sunday","2"
2018-09-09 08:30:00,0.66325,270,0.333333332091633,510,8,"Sunday","2"
2018-09-09 08:45:00,0.714384615384615,90,0.180000007153,525,8,"Sunday","2"
2018-09-09 09:00:00,1.06983333333333,135,0.140000000596,540,9,"Sunday","2"
2018-09-09 09:15:00,1.18615384615385,270,0.0699999984355,555,9,"Sunday","2"
2018-09-09 09:30:00,0.94,315,0.513333330551667,570,9,"Sunday","2"
2018-09-09 09:45:00,0.815384615384615,90,0.0099999997765,585,9,"Sunday","2"
2018-09-09 10:00:00,0.74825,90,0.3999999910593,600,10,"Sunday","2"
2018-09-09 10:15:00,0.8135,270,0.00499999988825,615,10,"Sunday","2"
2018-09-09 10:30:00,0.784230769230769,270,0,630,10,"Sunday","2"
2018-09-09 10:45:00,1.00658333333333,270,0.0466666656236,645,10,"Sunday","2"
2018-09-09 11:00:00,1.08284615384615,270,0.206666667014333,660,11,"Sunday","2"
2018-09-09 11:15:00,0.84975,90,0.569999976082975,675,11,"Sunday","2"
2018-09-09 11:30:00,0.76925,135,0.0499999988824,690,11,"Sunday","2"
2018-09-09 11:45:00,0.731384615384615,135,1.56666668007933,705,11,"Sunday","2"
2018-09-09 12:00:00,0.75525,135,1.22000002861,720,12,"Sunday","2"
2018-09-09 12:15:00,1.01038461538462,90,0.966666668652333,735,12,"Sunday","2"
2018-09-09 12:30:00,0.7255,135,0.08999999798845,750,12,"Sunday","2"
2018-09-09 12:45:00,0.719307692307692,270,0.740000009537,765,12,"Sunday","2"
2018-09-09 13:00:00,1.10975,135,0.5,780,13,"Sunday","2"
2018-09-09 13:15:00,0.802153846153846,135,1.17499999702,795,13,"Sunday","2"
2018-09-09 13:30:00,0.869833333333333,135,0.479999989271,810,13,"Sunday","2"
2018-09-09 13:45:00,0.937583333333333,270,0.893333304673633,825,13,"Sunday","2"
2018-09-09 14:00:00,0.745384615384615,180,0.313333330055333,840,14,"Sunday","2"
2018-09-09 14:15:00,0.943583333333333,135,0.53999998793,855,14,"Sunday","2"
2018-09-09 14:30:00,1.00653846153846,270,0.253333337605,870,14,"Sunday","2"
2018-09-09 14:45:00,0.937833333333333,135,1.69333334763667,885,14,"Sunday","2"
2018-09-09 15:00:00,1.00115384615385,135,1.073333323001,900,15,"Sunday","2"
2018-09-09 15:15:00,0.708333333333333,270,0.826666682958667,915,15,"Sunday","2"
2018-09-09 15:30:00,0.921416666666667,225,0.886666675407333,930,15,"Sunday","2"
2018-09-09 15:45:00,0.714076923076923,90,1.046666651963,945,15,"Sunday","2"
2018-09-09 16:00:00,0.665,270,0.246666662394967,960,16,"Sunday","2"
2018-09-09 16:15:00,0.651076923076923,135,0.346666666368667,975,16,"Sunday","2"
2018-09-09 16:30:00,0.695166666666667,135,0.173333328217333,990,16,"Sunday","2"
2018-09-09 16:45:00,0.886538461538461,135,0.133333330352967,1005,16,"Sunday","2"
2018-09-09 17:00:00,0.747083333333333,270,0.19999999553,1020,17,"Sunday","2"
2018-09-09 17:15:00,0.937666666666667,135,0.186666671186633,1035,17,"Sunday","2"
2018-09-09 17:30:00,1.29569230769231,135,0.319999990363967,1050,17,"Sunday","2"
2018-09-09 17:45:00,1.01633333333333,135,0.1933333314956,1065,17,"Sunday","2"
2018-09-09 18:00:00,1.229,270,0.0199999995529667,1080,18,"Sunday","2"
2018-09-09 18:15:00,0.896916666666667,90,0.00666666651766667,1095,18,"Sunday","2"
2018-09-09 18:30:00,1.08215384615385,270,0.014999999664725,1110,18,"Sunday","2"
2018-09-09 18:45:00,0.8115,135,0.0199999995529667,1125,18,"Sunday","2"
2018-09-09 19:00:00,0.783461538461538,135,0,1140,19,"Sunday","2"
2018-09-09 19:15:00,0.859833333333333,135,0,1155,19,"Sunday","2"
2018-09-09 19:30:00,1.29166666666667,135,0,1170,19,"Sunday","2"
2018-09-09 19:45:00,1.28,135,0,1185,19,"Sunday","2"
2018-09-09 20:00:00,0.975666666666667,135,0,1200,20,"Sunday","2"
2018-09-09 20:15:00,1.28133333333333,135,0,1215,20,"Sunday","2"
2018-09-09 20:30:00,1.05976923076923,135,0,1230,20,"Sunday","2"
2018-09-09 20:45:00,1.79041666666667,135,0,1245,20,"Sunday","2"
2018-09-09 21:00:00,2.23576923076923,135,0,1260,21,"Sunday","2"
2018-09-09 21:15:00,2.808,135,0,1275,21,"Sunday","2"
2018-09-09 21:30:00,1.94830769230769,270,0,1290,21,"Sunday","2"
2018-09-09 21:45:00,2.8955,270,0,1305,21,"Sunday","2"
2018-09-09 22:00:00,2.48158333333333,270,0,1320,22,"Sunday","2"
2018-09-09 22:15:00,1.95884615384615,270,0,1335,22,"Sunday","2"
2018-09-09 22:30:00,1.49883333333333,270,0,1350,22,"Sunday","2"
2018-09-09 22:45:00,1.39866666666667,270,0,1365,22,"Sunday","2"
2018-09-09 23:00:00,1.29046153846154,270,0,1380,23,"Sunday","2"
2018-09-09 23:15:00,1.15125,270,0,1395,23,"Sunday","2"
2018-09-09 23:30:00,1.00176923076923,270,0.166666666666667,1410,23,"Sunday","2"
2018-09-09 23:45:00,0.844916666666667,135,0.0199999995529667,1425,23,"Sunday","2"
2018-09-10 00:00:00,1.05508333333333,135,0,0,0,"Monday","2"
2018-09-10 00:15:00,0.974076923076923,135,0,15,0,"Monday","2"
2018-09-10 00:30:00,0.717083333333333,135,0.00666666651766667,30,0,"Monday","2"
2018-09-10 00:45:00,0.694,135,0,45,0,"Monday","2"
2018-09-10 01:00:00,0.6545,135,0,60,1,"Monday","2"
2018-09-10 01:15:00,0.611333333333333,135,0,75,1,"Monday","2"
2018-09-10 01:30:00,0.655916666666667,135,0,90,1,"Monday","2"
2018-09-10 01:45:00,0.605,270,0.00666666651766667,105,1,"Monday","2"
2018-09-10 02:00:00,0.542833333333333,135,0,120,2,"Monday","2"
2018-09-10 02:15:00,0.534916666666667,180,0,135,2,"Monday","2"
2018-09-10 02:30:00,0.510692307692308,270,0.0133333330353,150,2,"Monday","2"
2018-09-10 02:45:00,0.514583333333333,270,0.00666666651766667,165,2,"Monday","2"
2018-09-10 03:00:00,0.490307692307692,270,0.0800000006953,180,3,"Monday","2"
2018-09-10 03:15:00,0.485230769230769,270,0.0199999995529667,195,3,"Monday","2"
2018-09-10 03:30:00,0.531166666666667,270,0.0266666660706333,210,3,"Monday","2"
2018-09-10 03:45:00,0.553692307692308,135,0.0199999995529667,225,3,"Monday","2"
2018-09-10 04:00:00,0.516153846153846,270,0.00666666651766667,240,4,"Monday","2"
2018-09-10 04:15:00,0.496916666666667,135,0.0266666660706333,255,4,"Monday","2"
2018-09-10 04:30:00,0.481538461538462,270,0,270,4,"Monday","2"
2018-09-10 04:45:00,0.493,270,0.0266666660706333,285,4,"Monday","2"
2018-09-10 05:00:00,0.4595,135,0.00666666651766667,300,5,"Monday","2"
2018-09-10 05:15:00,0.479076923076923,225,0,315,5,"Monday","2"
2018-09-10 05:30:00,0.548583333333333,135,0.0199999995529667,330,5,"Monday","2"
2018-09-10 05:45:00,0.537538461538462,135,0,345,5,"Monday","2"
2018-09-10 06:00:00,0.504583333333333,135,0.0600000023843333,360,6,"Monday","2"
2018-09-10 06:15:00,0.53425,180,0,375,6,"Monday","2"
2018-09-10 06:30:00,0.486166666666667,135,0,390,6,"Monday","2"
2018-09-10 06:45:00,0.534384615384615,135,0.014999999664725,405,6,"Monday","2"
2018-09-10 07:00:00,0.514666666666667,135,0,420,7,"Monday","2"
2018-09-10 07:15:00,0.662076923076923,135,0,435,7,"Monday","2"
2018-09-10 07:30:00,0.6965,135,0.0133333330353,450,7,"Monday","2"
2018-09-10 07:45:00,0.832083333333333,135,0,465,7,"Monday","2"
2018-09-10 08:00:00,0.679076923076923,135,0,480,8,"Monday","2"
2018-09-10 08:15:00,0.913583333333333,90,0.00666666651766667,495,8,"Monday","2"
2018-09-10 08:30:00,1.13053846153846,135,0.01999999955295,510,8,"Monday","2"
2018-09-10 08:45:00,1.15584615384615,270,0.019999999552975,525,8,"Monday","2"
2018-09-10 09:00:00,1.09608333333333,135,0.199999995529633,540,9,"Monday","2"
2018-09-10 09:15:00,1.11061538461538,135,0.10000000055875,555,9,"Monday","2"
2018-09-10 09:30:00,0.92775,135,0.02999999932945,570,9,"Monday","2"
2018-09-10 09:45:00,1.00515384615385,270,0.173333335667967,585,9,"Monday","2"
2018-09-10 10:00:00,1.04908333333333,135,0.593333333730667,600,10,"Monday","2"
2018-09-10 10:15:00,1.14541666666667,270,0.473333343863633,615,10,"Monday","2"
2018-09-10 10:30:00,1.14353846153846,270,0.199999994287667,630,10,"Monday","2"
2018-09-10 10:45:00,1.32791666666667,270,0.266666668156667,645,10,"Monday","2"
2018-09-10 11:00:00,1.34623076923077,135,0.0799999982119333,660,11,"Monday","2"
2018-09-10 11:15:00,1.09966666666667,135,0.1199999982492,675,11,"Monday","2"
2018-09-10 11:30:00,1.04946153846154,90,0.25,690,11,"Monday","2"
2018-09-10 11:45:00,1.26741666666667,90,0.450000004842725,705,11,"Monday","2"
2018-09-10 12:00:00,0.944916666666667,90,0.4400000100333,720,12,"Monday","2"
2018-09-10 12:15:00,0.962153846153846,90,0.360000014305,735,12,"Monday","2"
2018-09-10 12:30:00,1.00575,90,0.233333328117967,750,12,"Monday","2"
2018-09-10 12:45:00,1.23775,90,0.573333325485967,765,12,"Monday","2"
2018-09-10 13:00:00,0.961769230769231,90,0.326666656881667,780,13,"Monday","2"
2018-09-10 13:15:00,0.8665,270,0.0800000006953,795,13,"Monday","2"
2018-09-10 13:30:00,0.957153846153846,90,1.12000000476833,810,13,"Monday","2"
2018-09-10 13:45:00,0.9565,270,0.5066666727263,825,13,"Monday","2"
2018-09-10 14:00:00,0.923916666666667,135,0.660000006359,840,14,"Monday","2"
2018-09-10 14:15:00,0.781615384615385,90,0.706666663289633,855,14,"Monday","2"
2018-09-10 14:30:00,0.98025,90,0.860000004372667,870,14,"Monday","2"
2018-09-10 14:45:00,0.905,90,0.89999997616,885,14,"Monday","2"
2018-09-10 15:00:00,0.836333333333333,90,1.23999999960167,900,15,"Monday","2"
2018-09-10 15:15:00,0.8175,90,1.653333346049,915,15,"Monday","2"
2018-09-10 15:30:00,0.730461538461538,135,0.339999996125667,930,15,"Monday","2"
2018-09-10 15:45:00,0.89,90,0.074999999254975,945,15,"Monday","2"
2018-09-10 16:00:00,0.889846153846154,135,0.02999999932945,960,16,"Monday","2"
2018-09-10 16:15:00,0.771083333333333,90,0.12000000011195,975,16,"Monday","2"
2018-09-10 16:30:00,0.791538461538462,270,0,990,16,"Monday","2"
2018-09-10 16:45:00,0.8305,90,0.52999999001625,1005,16,"Monday","2"
2018-09-10 17:00:00,1.04191666666667,180,0,1020,17,"Monday","2"
2018-09-10 17:15:00,0.833846153846154,270,0.06666666766,1035,17,"Monday","2"
2018-09-10 17:30:00,0.94325,225,0,1050,17,"Monday","2"
2018-09-10 17:45:00,0.937769230769231,135,0,1065,17,"Monday","2"
2018-09-10 18:00:00,1.11783333333333,135,0,1080,18,"Monday","2"
2018-09-10 18:15:00,1.721,135,0,1095,18,"Monday","2"
2018-09-10 18:30:00,1.73707692307692,270,0,1110,18,"Monday","2"
2018-09-10 18:45:00,2.23833333333333,135,0.0199999995529667,1125,18,"Monday","2"
2018-09-10 19:00:00,1.62853846153846,NA,NA,1140,19,"Monday","2"
2018-09-10 19:15:00,1.32408333333333,135,0,1155,19,"Monday","2"
2018-09-10 19:30:00,1.46538461538462,135,0,1170,19,"Monday","2"
2018-09-10 19:45:00,1.69775,135,0,1185,19,"Monday","2"
2018-09-10 20:00:00,1.703,135,0,1200,20,"Monday","2"
2018-09-10 20:15:00,2.05458333333333,135,0,1215,20,"Monday","2"
2018-09-10 20:30:00,1.47916666666667,135,0,1230,20,"Monday","2"
2018-09-10 20:45:00,1.50723076923077,135,0,1245,20,"Monday","2"
2018-09-10 21:00:00,2.83158333333333,135,0,1260,21,"Monday","2"
2018-09-10 21:15:00,1.92969230769231,135,0,1275,21,"Monday","2"
2018-09-10 21:30:00,1.466,135,0,1290,21,"Monday","2"
2018-09-10 21:45:00,1.44192307692308,135,0,1305,21,"Monday","2"
2018-09-10 22:00:00,1.55066666666667,135,0,1320,22,"Monday","2"
2018-09-10 22:15:00,1.52933333333333,135,0,1335,22,"Monday","2"
2018-09-10 22:30:00,1.50853846153846,135,0,1350,22,"Monday","2"
2018-09-10 22:45:00,1.61241666666667,135,0,1365,22,"Monday","2"
2018-09-10 23:00:00,1.63230769230769,135,0,1380,23,"Monday","2"
2018-09-10 23:15:00,1.47408333333333,135,0,1395,23,"Monday","2"
2018-09-10 23:30:00,1.52966666666667,135,0,1410,23,"Monday","2"
2018-09-10 23:45:00,1.63423076923077,135,0,1425,23,"Monday","2"
2018-09-11 00:00:00,1.36591666666667,135,0,0,0,"Tuesday","2"
